{"count":1,"self":6.4777439999999995,"total":31.196047999999998,"children":{"InitializeActuators":{"count":1,"self":0.0048309999999999994,"total":0.0048309999999999994,"children":null},"InitializeSensors":{"count":1,"self":0.0028929999999999997,"total":0.0028929999999999997,"children":null},"AgentSendState":{"count":11551,"self":0.016056,"total":13.083627,"children":{"CollectObservations":{"count":1156,"self":0.10660499999999999,"total":0.10660499999999999,"children":null},"WriteActionMask":{"count":1156,"self":0.0012469999999999998,"total":0.0012469999999999998,"children":null},"RequestDecision":{"count":1156,"self":0.010615999999999999,"total":12.959719,"children":{"AgentInfo.ToProto":{"count":1156,"self":0.006144,"total":12.949103,"children":{"GenerateSensorData":{"count":1156,"self":0.06501599999999999,"total":12.942959,"children":{"CameraSensor.GetCompressedObservation":{"count":1156,"self":12.877943199999999,"total":12.877943,"children":null}}}}}}}}},"DecideAction":{"count":11551,"self":11.1185136,"total":11.118514,"children":null},"AgentAct":{"count":11551,"self":0.50809399999999993,"total":0.50809399999999993,"children":null}},"gauges":{},"metadata":{"timer_format_version":"0.1.0","start_time_seconds":"1698314460","unity_version":"2022.3.10f1","command_line_arguments":"\/Applications\/Unity\/Hub\/Editor\/2022.3.10f1\/Unity.app\/Contents\/MacOS\/Unity -projectpath \/Users\/amineandam\/Documents\/GitHub\/Output-Security-Environment\/OutputSecurity -useHub -hubIPC -cloudEnvironment production -licensingIpc LicenseClient-amineandam -hubSessionId c352a30f-a1e5-4382-b367-a962c729dd3d -accessToken k5ED4UafZZZiY6fVe0CEMWUGrSYO9DIBaHWs551C8Ds00af","communication_protocol_version":"1.5.0","com.unity.ml-agents_version":"2.0.1","scene_name":"TheScene","end_time_seconds":"1698314491"}}